keyword,frequency,avg_score
genai education,145,0.885568275862069
creative,82,0.8874353658536586
adoption,77,0.8663025974025973
education genai,63,0.8751047619047619
educational,60,0.8660866666666667
educational setting,59,0.8711033898305085
generative,47,0.8716404255319149
ai education,47,0.8749787234042554
professional,42,0.8717428571428572
student learn,42,0.8699142857142858
genai,40,0.8784924999999999
ai literacy,40,0.8631675
enhance student,39,0.8718589743589743
healthcare,38,0.8729210526315789
genai adoption,38,0.8725184210526314
educational practice,36,0.8710444444444445
educational context,35,0.8733885714285714
education,33,0.8614272727272727
research,33,0.8795454545454545
education ai,33,0.8793757575757576
pedagogy,32,0.871440625
genai teaching,31,0.8754483870967742
student engagement,31,0.8718677419354839
education research,31,0.8742580645161291
impact student,30,0.8723266666666666
student use,29,0.8673931034482758
education study,29,0.8676655172413793
genai tool,27,0.8751037037037037
pedagogical,27,0.8670296296296297
academic integrity,27,0.8632296296296297
adoption genai,27,0.8703925925925925
genai student,25,0.8761239999999999
explore student,24,0.8685625
machinegenerated text,23,0.9000739130434782
student genai,23,0.867595652173913
genai academic,23,0.8708695652173913
language education,22,0.87885
genai healthcare,22,0.8852590909090909
academic writing,21,0.8779333333333332
genai educational,21,0.8781000000000001
genai innovation,20,0.8907550000000001
education systematic,19,0.8833684210526315
supply chain,19,0.8564157894736841
collaborative learning,18,0.87975
student write,18,0.8752722222222222
student learning,18,0.8808888888888888
design education,18,0.8758333333333334
framework,17,0.8664588235294118
student experience,17,0.8712235294117647
genai llm,17,0.8847352941176471
education chatgpt,17,0.8777176470588236
developer,16,0.87635
educational landscape,16,0.88186875
genai literacy,16,0.87455625
genai chatbot,16,0.8628875
prompt engineering,15,0.872
creative process,15,0.8899533333333333
genai design,15,0.88572
curriculum design,15,0.8754466666666667
educational assessment,15,0.9024666666666668
education assessment,15,0.8782533333333333
education aie,15,0.8839133333333333
deploy,14,0.8731571428571429
business,14,0.8815642857142858
teaching learning,14,0.8733642857142857
chatgpt education,14,0.8889571428571428
innovation,14,0.8795000000000001
genai detection,14,0.8836142857142857
curriculum,14,0.8519714285714286
research genai,14,0.8893571428571428
cybersecurity genai,14,0.8828142857142858
digital literacy,13,0.8698153846153847
software development,13,0.8705769230769231
programming education,13,0.8733923076923078
genai university,13,0.8637153846153847
genai classroom,13,0.8794461538461539
foster,13,0.8618384615384616
governance,13,0.8728307692307692
learner,13,0.8621846153846154
chatgpt educational,13,0.8806769230769231
assess student,13,0.8796153846153847
knowledge management,13,0.8708538461538461
stem education,13,0.8765692307692308
educational resource,12,0.8752166666666666
tool education,12,0.86695
tutoring,12,0.8805583333333332
12 education,12,0.8707333333333334
qualitative research,12,0.9003583333333333
genai marketing,12,0.8887666666666667
tool student,12,0.8780416666666667
genai cybersecurity,12,0.8922583333333334
cybersecurity,12,0.877625
education llm,12,0.875625
educator genai,12,0.8743833333333333
education academic,12,0.8679333333333333
educational environment,11,0.8687818181818181
enterprise,11,0.8705999999999999
student engage,11,0.8664818181818181
educational experience,11,0.8664000000000001
genai business,11,0.9028545454545455
teacher education,11,0.8596090909090909
academic research,11,0.8879
language teaching,11,0.8745
student perspective,11,0.8620454545454546
instructional design,11,0.8793454545454545
educational research,11,0.8843181818181818
literacy,11,0.8632636363636365
use student,11,0.8650636363636365
trust genai,11,0.887290909090909
brand,11,0.8870272727272728
learning research,11,0.876190909090909
enhance educational,11,0.8712363636363637
feedback student,10,0.8824799999999999
student,10,0.8534
learn analytic,10,0.87507
tool teaching,10,0.8614900000000001
educational tool,10,0.8691800000000001
deep,10,0.86531
teaching learn,10,0.86669
impact education,10,0.88619
technology acceptance,10,0.87238
student interaction,10,0.8671599999999999
genai governance,10,0.88787
learning assessment,10,0.87074
genai creative,10,0.89925
educational material,10,0.8855700000000001
student work,10,0.87482
teach genai,10,0.8803599999999999
student critical,10,0.8754099999999999
medical education,10,0.85871
conversational agent,9,0.8739
science education,9,0.8673222222222222
text generation,9,0.8889777777777778
literacy education,9,0.8786333333333334
assessment chatgpt,9,0.8691666666666666
student research,9,0.8763111111111112
genai agent,9,0.8728444444444444
technology,9,0.8506222222222222
learning experience,9,0.8690444444444444
high education,9,0.8595333333333334
course,9,0.8690777777777777
pedagogy genai,9,0.8863555555555556
learning design,9,0.8836888888888889
curriculum development,9,0.8856222222222222
educational content,9,0.8728222222222223
educational goal,9,0.8778999999999999
educational policy,9,0.8729111111111112
education review,9,0.8832
learning process,9,0.8658555555555556
genai service,9,0.8719444444444444
software engineering,9,0.8708555555555555
genai nursing,8,0.8584499999999999
conversational ai,8,0.8777875
integration education,8,0.8562125
experiential learning,8,0.8595875000000001
academic write,8,0.8757625
educational process,8,0.8647125
feedback genai,8,0.885825
learn design,8,0.8774
student study,8,0.880175
architecture,8,0.865275
health care,8,0.865625
chatbot education,8,0.88415
interactive learning,8,0.8736875
learning context,8,0.862625
education inform,8,0.877725
ensure academic,8,0.8723625
genai pedagogical,8,0.876325
governance genai,8,0.8839
conversational,8,0.8699625
use generative,8,0.8775125
multiagent,8,0.8752
innovation genai,8,0.8846375
genai school,8,0.875425
design genai,8,0.880925
creation,8,0.875675
english learning,8,0.888375
impact teaching,8,0.8709625
educational approach,8,0.861775
personalize learning,8,0.87535
technology education,8,0.8795999999999999
language teach,8,0.8756125
chatgpt teaching,8,0.8722375
educator student,8,0.8585375
application genai,8,0.8740375
research process,8,0.891925
enrich,8,0.8686875000000001
education explore,8,0.86935
genai organizational,7,0.8651857142857143
education chapter,7,0.8685
education learn,7,0.8718428571428571
drug discovery,7,0.8861428571428572
language learner,7,0.8656714285714286
genai teacher,7,0.8715571428571429
education practice,7,0.8536142857142857
consumer,7,0.8811714285714285
educational challenge,7,0.8769142857142856
framework genai,7,0.8863714285714286
curricula,7,0.8625142857142858
aigenerate content,7,0.8761571428571429
genai chatgpt,7,0.88
code generation,7,0.8731142857142856
genai public,7,0.8713571428571428
genai feedback,7,0.8831285714285714
game design,7,0.8839714285714286
learn academic,7,0.8753428571428571
genai technology,7,0.8775000000000001
inclusive learning,7,0.8685571428571429
language teacher,7,0.8592857142857143
teaching research,7,0.8909571428571429
course study,7,0.8664857142857143
professional learning,7,0.8775857142857142
student develop,7,0.8639285714285715
chatgpt genai,7,0.8820571428571429
enhance academic,7,0.8668857142857143
genai application,7,0.8887142857142857
genai instructional,7,0.8680428571428571
education educational,7,0.873942857142857
design research,7,0.8847714285714287
chatgpt,7,0.8602142857142857
learn outcome,7,0.8558857142857142
student creativity,7,0.8789428571428571
thinking genai,7,0.8731285714285715
genai enterprise,7,0.8875714285714286
employee,7,0.8643571428571429
include education,7,0.8837
chatbot genai,7,0.8560428571428572
digital learning,7,0.8745857142857142
ai cybersecurity,7,0.8836857142857143
assessment academic,7,0.8637285714285714
support learning,7,0.8521
genai content,7,0.8964857142857143
genai legal,7,0.8799
genai health,7,0.8849428571428571
education institution,7,0.8614714285714287
lifelong learning,7,0.9001571428571429
research study,7,0.8785285714285714
design,7,0.8553142857142857
content generation,7,0.8724571428571428
generative adversarial,7,0.8505285714285714
future education,7,0.8868714285714285
process student,7,0.8654142857142857
course design,6,0.87545
course genai,6,0.8811
creativity,6,0.8906166666666667
reflective,6,0.8669833333333333
genai preservice,6,0.8537833333333333
blockchain,6,0.8610666666666668
business process,6,0.8852833333333333
strategy student,6,0.87475
text detection,6,0.8881833333333334
academic essay,6,0.8765333333333333
use genai,6,0.8848666666666666
education focus,6,0.8712666666666666
cybersecurity challenge,6,0.8786499999999999
ai governance,6,0.8720666666666667
learning use,6,0.8696833333333333
language learning,6,0.8783333333333333
game development,6,0.9238333333333334
assessment genai,6,0.8539333333333333
teachers genai,6,0.8789166666666667
genai research,6,0.8814833333333333
genai manufacturing,6,0.8662166666666667
chatgpt student,6,0.8718833333333333
educational paradigm,6,0.87875
collaborative learn,6,0.8738
effective learning,6,0.8686333333333334
teachinglearning,6,0.85475
genai social,6,0.8819666666666667
student perception,6,0.8664333333333333
multilingual machinegenerated,6,0.9030999999999999
academic literacy,6,0.8810333333333333
cyber threat,6,0.8788666666666667
datadriven,6,0.8607166666666667
competitive,6,0.8835833333333333
writing process,6,0.8799833333333332
genai blockchain,6,0.8466333333333332
copyright law,6,0.8764166666666666
academic setting,6,0.8806333333333333
selfdirecte learning,6,0.8642
knowledge graph,6,0.8685499999999999
application education,6,0.8694166666666666
creative industry,6,0.8868833333333334
educational institution,6,0.8558166666666667
framework student,6,0.8718166666666667
technology genai,6,0.8750833333333333
learn study,6,0.8584
education insight,6,0.8718333333333333
educational technology,6,0.8723166666666667
quality education,6,0.8672166666666666
improve student,6,0.8741166666666667
feedback literacy,6,0.8787833333333334
genai undergraduate,6,0.8751166666666667
creative work,6,0.8941499999999999
enhance learning,6,0.8781166666666667
industry,6,0.8598333333333333
genai medical,6,0.8714166666666667
learning,6,0.8707333333333334
financial,6,0.8785666666666666
pedagogical strategy,6,0.8668666666666667
education rapid,6,0.879
selfregulate learning,5,0.86762
learning outcome,5,0.8749800000000001
healthcare genai,5,0.88896
genai qualitative,5,0.8928
ai chatbot,5,0.8673
doctoral,5,0.87508
learn educational,5,0.8809000000000001
personalise learning,5,0.87714
design course,5,0.88538
scholarly,5,0.8934
network design,5,0.87958
insight student,5,0.8579800000000001
selfregulated learning,5,0.8754
compute education,5,0.84986
critical thinking,5,0.8695600000000001
design thinking,5,0.8745200000000001
genai sustainable,5,0.8769199999999999
chatgpt academic,5,0.85808
need student,5,0.86662
creative design,5,0.8953200000000001
genai educator,5,0.8793200000000001
genai curriculum,5,0.87608
education present,5,0.84372
investigate student,5,0.8595
student technology,5,0.8718199999999999
genai industrial,5,0.8720000000000001
digital competence,5,0.8627
success,5,0.86242
learner motivation,5,0.8762399999999999
game genai,5,0.93116
use educational,5,0.8469000000000001
vehicle,5,0.8549
tool academic,5,0.8593999999999999
education faculty,5,0.8617800000000001
education scope,5,0.8775999999999999
evaluate student,5,0.87876
education challenge,5,0.86862
research teaching,5,0.8815200000000001
creative practice,5,0.89734
educator use,5,0.8550800000000001
design fiction,5,0.88902
technology learn,5,0.88536
faculty genai,5,0.88154
genai offer,5,0.8878
genai course,5,0.8786999999999999
improve educational,5,0.8714000000000001
teacher study,5,0.8527799999999999
teach research,5,0.8737999999999999
design student,5,0.88208
professional development,5,0.8535
student motivation,5,0.87296
finetune genai,5,0.87106
teacher ai,5,0.8703200000000001
genai model,5,0.89352
formative feedback,5,0.8709
management education,5,0.8455600000000001
information literacy,5,0.88228
inquirybased learning,5,0.8817999999999999
student academic,5,0.8806200000000001
education science,5,0.8978999999999999
deployment genai,5,0.86758
technology educational,5,0.85634
blend learning,5,0.86722
research ai,5,0.8713799999999999
student educator,5,0.87964
requirement engineer,5,0.86514
empower,5,0.8600200000000001
semantic communication,5,0.8441000000000001
genai policy,5,0.86538
thematic,5,0.87508
student create,5,0.8777799999999999
support student,5,0.8643599999999999
engineering genai,5,0.8588799999999999
software testing,5,0.9056000000000001
student adoption,5,0.87006
adult learner,5,0.8670199999999999
entrepreneurial,5,0.8702799999999999
design educational,5,0.87226
fashion design,5,0.88662
genai product,5,0.8870799999999999
pedagogical design,5,0.8556799999999999
programming learning,5,0.86334
product development,5,0.87572
enhance learner,5,0.8764199999999999
challenge education,5,0.8847400000000001
education design,5,0.8581199999999999
design science,5,0.88666
programming course,5,0.8592000000000001
content creation,5,0.8822800000000001
teachinglearning strategy,5,0.86026
model education,5,0.8822800000000001
agentic ai,5,0.87522
design process,5,0.8654
teaching assessment,5,0.86432
generate,5,0.8771000000000001
use chatgpt,5,0.8638999999999999
online course,5,0.8831199999999999
teacher genai,5,0.8773199999999999
manufacturing,5,0.8487199999999999
research model,5,0.86886
augment reality,5,0.88622
humanai interaction,5,0.8730800000000001
news,5,0.8753
tourism,5,0.85782
empower student,5,0.86432
assessment student,5,0.87906
genai generative,5,0.8882
literacy critical,5,0.8629999999999999
customer,5,0.8616999999999999
research education,5,0.8882200000000001
storytelle,5,0.88064
develop student,5,0.8626799999999999
formative,5,0.8652599999999999
assessment educational,5,0.8951399999999999
novice programming,5,0.8847799999999999
academic publishing,5,0.8943
health genai,5,0.88012
academic library,5,0.85968
transform education,5,0.8640399999999999
genai teach,5,0.8724399999999999
genai investment,5,0.8865000000000001
educational field,5,0.88676
assessment design,5,0.86516
personalised learning,5,0.8647
postgraduate,5,0.85748
educational game,5,0.9004200000000001
digital education,5,0.88048
humanai collaboration,5,0.8804399999999999
technological pedagogical,5,0.8604200000000001
genai consumer,5,0.86252
agile software,5,0.89362
immersive learning,5,0.8667400000000001
genai game,5,0.9085599999999999
curriculum designer,5,0.86678
risk assessment,4,0.86505
12 educator,4,0.860425
practitioner genai,4,0.8532500000000001
experience student,4,0.853425
formative assessment,4,0.87595
human resource,4,0.863875
writing learning,4,0.88705
intelligence ai,4,0.8694
student feedback,4,0.87405
teacher design,4,0.86695
explore undergraduate,4,0.871775
informal learning,4,0.86885
inclusive education,4,0.887875
maintain academic,4,0.8488249999999999
interactive,4,0.8723000000000001
tutoring ai,4,0.89425
educational framework,4,0.8593500000000001
autoencoder vae,4,0.866275
finance genai,4,0.892725
study chatgpt,4,0.883525
online learning,4,0.85935
instructional designer,4,0.884675
cybersecurity ai,4,0.8910750000000001
learning environment,4,0.8731
education highlight,4,0.866575
literacy ai,4,0.879875
student review,4,0.867325
knowledge sharing,4,0.87295
architectural education,4,0.875275
communication genai,4,0.879525
write student,4,0.889625
marketing research,4,0.897575
service genai,4,0.8678
automate essay,4,0.8979
knowledge creation,4,0.88165
security,4,0.8768
framework teacher,4,0.88315
essay scoring,4,0.8996999999999999
ai curriculum,4,0.870875
education student,4,0.869525
support learner,4,0.860675
technology industrial,4,0.8619
teacher training,4,0.8488
global educational,4,0.864625
engage student,4,0.8713
decisionmake,4,0.8753
genai entrepreneurial,4,0.8951
innovation education,4,0.8745499999999999
genai solution,4,0.863775
lesson planning,4,0.862
student attitude,4,0.8618250000000001
genai smart,4,0.86435
educational datum,4,0.86465
extend reality,4,0.867175
research design,4,0.889725
involve student,4,0.8629
student make,4,0.8645
student trust,4,0.8818
academic professional,4,0.870625
education conceptual,4,0.879675
studentgenai interaction,4,0.8843
generate text,4,0.8968
constructivist learning,4,0.879625
postgraduate research,4,0.88805
llm education,4,0.883825
education critical,4,0.8778
genai platform,4,0.892375
marketing education,4,0.8712
smart city,4,0.8408
programming exercise,4,0.8742
network genai,4,0.85595
student explore,4,0.858225
chatbot educational,4,0.88165
content,4,0.886425
enterprise architecture,4,0.8895500000000001
text generate,4,0.907125
educator ai,4,0.88325
recent,4,0.884675
doctoral research,4,0.874675
leverage genai,4,0.86505
explore pedagogical,4,0.8671
pedagogical practice,4,0.865625
cyber defense,4,0.888375
literacy practice,4,0.8706499999999999
development course,4,0.877725
genai instructor,4,0.889925
design creative,4,0.8927
foundational,4,0.865375
reality genai,4,0.8734
chatbot student,4,0.8668
project management,4,0.8722749999999999
digital learn,4,0.8699250000000001
employee engagement,4,0.883175
student response,4,0.8780749999999999
legal education,4,0.87715
genai clinical,4,0.87355
ai genai,4,0.883475
variational autoencoder,4,0.857425
intelligent tutoring,4,0.888725
learning academic,4,0.86995
aigenerate text,4,0.8852
second language,4,0.8725
integration teaching,4,0.8657
education innovation,4,0.877075
healthcare education,4,0.8783749999999999
avatar,4,0.875075
education humanai,4,0.87585
education 12,4,0.87705
image,4,0.8671
business research,4,0.907875
genai participatory,4,0.859425
nature work,4,0.86195
tool research,4,0.883475
genai architectural,4,0.8834
practitioner,4,0.86265
education offer,4,0.8702
process,4,0.8684000000000001
impact learner,4,0.876425
creative writing,4,0.88605
genai workplace,4,0.8692249999999999
generate synthetic,4,0.873175
responsible ai,4,0.883875
consideration genai,4,0.8754500000000001
educational chatbot,4,0.876325
explainable ai,4,0.893925
network optimization,4,0.8467749999999999
research provide,4,0.8648
academic context,4,0.8734
creative workflow,4,0.8860750000000001
cybersecurity education,4,0.903075
genai industry,4,0.8541
sustainable,4,0.8471
student chatgpt,4,0.877575
learner study,4,0.866
pedagogical agent,4,0.88275
creative domain,4,0.894725
search engine,4,0.888875
educational outcome,4,0.87285
education introduce,4,0.8666
attitude genai,4,0.8654999999999999
student intention,4,0.85845
uk university,4,0.85055
education learner,4,0.87405
computing education,4,0.8653500000000001
educational strategy,4,0.8767
high educational,4,0.88645
tailor educational,4,0.866525
genai competence,4,0.8631
information search,4,0.881075
include student,4,0.86775
teaching process,4,0.892675
aigc service,4,0.8373999999999999
teaching method,4,0.8581
learning teach,4,0.869475
collaborative teaching,4,0.8729750000000001
genai change,4,0.872325
learner english,4,0.868025
educational implication,4,0.882475
education discuss,4,0.87875
education paper,4,0.8629
education article,4,0.869
learner need,4,0.8782
teaching strategy,4,0.8741
distance education,4,0.869625
business intelligence,4,0.873775
curricular,4,0.8486
education qualitative,4,0.8794
creative professional,4,0.8924749999999999
impact employee,4,0.887325
learning collaborative,4,0.898375
inquirybase learning,4,0.8774
design instructional,4,0.88975
academic practice,4,0.855925
genai advertising,4,0.9016500000000001
diverse educational,4,0.8677
chain management,4,0.839625
teaching practice,4,0.8493999999999999
study student,4,0.86235
knowledge process,4,0.90405
educational application,4,0.88125
support creative,4,0.87945
student digital,3,0.8776
student increasingly,3,0.8681333333333333
educational model,3,0.8936666666666667
educational methodology,3,0.8575666666666667
consider student,3,0.8682666666666666
learning support,3,0.8654333333333334
intelligence agi,3,0.8832333333333334
learn experience,3,0.8599666666666667
drug design,3,0.8658666666666667
opportunity genai,3,0.8771333333333334
nlp task,3,0.8872
student wellbee,3,0.8808333333333334
genai pedagogy,3,0.8773333333333334
research use,3,0.8715666666666667
cultural heritage,3,0.8922
generation synthetic,3,0.8584999999999999
curriculum support,3,0.8580666666666668
literacy training,3,0.8731666666666666
genai psychology,3,0.8879666666666667
qualitative datum,3,0.8887999999999999
education exist,3,0.8658333333333333
aiassiste learning,3,0.8804
student ethical,3,0.8621666666666666
policy genai,3,0.8645999999999999
research framework,3,0.8769333333333332
teachinglearning process,3,0.8742
pedagogical content,3,0.8758333333333334
participatory ai,3,0.8589333333333333
academic institution,3,0.8370000000000001
course material,3,0.8814666666666667
crossdomain machinegenerated,3,0.8870999999999999
code development,3,0.8771999999999999
software engineer,3,0.8695666666666666
creative practitioner,3,0.8880333333333333
sentiment,3,0.8969
collaboration creative,3,0.8945
genai attitude,3,0.8781666666666667
tool learning,3,0.8772333333333333
deploy genai,3,0.8772333333333333
technology evolve,3,0.8526666666666666
student translator,3,0.8766666666666666
outcome student,3,0.8619
genai intellectual,3,0.8690333333333333
learning sdl,3,0.8642
manufacturing genai,3,0.8777666666666667
project student,3,0.8571
software architect,3,0.9051333333333332
maintain research,3,0.8982
eap course,3,0.8572666666666667
feedback learner,3,0.8801333333333333
smart manufacturing,3,0.8691333333333334
digital pedagogy,3,0.8640666666666666
genai productivity,3,0.8788666666666667
experience genai,3,0.8700333333333333
survey genai,3,0.8686666666666666
semantic search,3,0.8436
genai network,3,0.8647666666666667
cs education,3,0.8812666666666668
translation,3,0.8968333333333334
scientific research,3,0.8886
research argue,3,0.8903666666666666
conduct bibliometric,3,0.8807666666666667
question generation,3,0.879
influence student,3,0.8522666666666666
code student,3,0.8796333333333334
genai iot,3,0.8784000000000001
innovative application,3,0.8816
management knowledge,3,0.8872
prompt genai,3,0.89
genai propose,3,0.8849666666666667
student need,3,0.8670333333333332
student participate,3,0.8593333333333333
developer genai,3,0.8913666666666668
writing assessment,3,0.8849666666666667
university education,3,0.8653333333333334
federate learn,3,0.8520666666666666
mixed reality,3,0.8701666666666666
humangenai interaction,3,0.8692333333333333
mining,3,0.8586999999999999
metaphor education,3,0.8713333333333333
digital twin,3,0.8572666666666667
educator engage,3,0.8486666666666666
assess genai,3,0.8896666666666667
teaching experience,3,0.8709000000000001
university academic,3,0.864
visual literacy,3,0.9034
creativity study,3,0.8584
team genai,3,0.8841666666666667
software startup,3,0.8888666666666666
classroom genai,3,0.8537
signature generation,3,0.9056333333333333
online signature,3,0.8890333333333333
corporate,3,0.8853333333333334
genai machine,3,0.8821666666666667
genai multiagent,3,0.89
virtual patient,3,0.8517333333333333
theory technology,3,0.8431000000000001
translation education,3,0.8969999999999999
genai assessment,3,0.8738
management study,3,0.8707333333333334
genai prompt,3,0.9026666666666667
personalize student,3,0.8614333333333333
attack generation,3,0.8539
mental health,3,0.8574333333333334
digital narrative,3,0.8868666666666667
gamifie learning,3,0.8914
student efl,3,0.8718333333333333
genai copyright,3,0.8930000000000001
interdisciplinary learning,3,0.8792333333333334
introductory programming,3,0.8772333333333333
personalize educational,3,0.8895
machinegenerated essay,3,0.8898333333333334
education potential,3,0.8636666666666667
language model,3,0.8866333333333333
genai interview,3,0.8514333333333334
technology teach,3,0.8632666666666666
genai capability,3,0.8688666666666668
model student,3,0.8668333333333335
learning critical,3,0.8793000000000001
tool teach,3,0.8468666666666667
workforce,3,0.8472666666666667
student reflective,3,0.8916
big,3,0.8681666666666666
adversarial,3,0.8656666666666667
video,3,0.8842333333333334
language write,3,0.8786999999999999
learner critical,3,0.8853666666666666
literature review,3,0.9049666666666667
model undergraduate,3,0.8516
genai postgraduate,3,0.8822000000000001
machinegenerated,3,0.8810333333333333
lesson design,3,0.8570333333333333
teacher lesson,3,0.8631666666666667
education ethical,3,0.862
information extraction,3,0.8536666666666667
student survey,3,0.8767333333333333
student regard,3,0.8637666666666667
education technology,3,0.8624999999999999
immersive,3,0.8677666666666667
genai immersive,3,0.8851999999999999
educational background,3,0.8756666666666666
qualitative study,3,0.8955333333333334
enhance pedagogical,3,0.8644333333333334
agent design,3,0.884
health ethic,3,0.8642666666666666
advance genai,3,0.8769666666666667
classification genai,3,0.8778
academic honesty,3,0.8668666666666667
prototype,3,0.8835000000000001
ai development,3,0.8698
programming student,3,0.8868
education theoretical,3,0.8720333333333333
transform learning,3,0.8620333333333333
learning teaching,3,0.8792333333333332
design curriculum,3,0.8950333333333335
perspective student,3,0.8609666666666667
lifecycle sdlc,3,0.8908333333333333
technology academic,3,0.8810666666666668
tool educational,3,0.8486333333333334
productivity genai,3,0.8689333333333332
education metacognitive,3,0.879
shape consumer,3,0.8846999999999999
student metacognitive,3,0.8879333333333334
research guide,3,0.8601
multimedia learn,3,0.8564333333333334
inspiration,3,0.8708666666666667
network management,3,0.8473333333333333
business school,3,0.8460333333333333
ability genai,3,0.8652333333333333
theory genai,3,0.8707333333333334
change,3,0.8639
approach portfolio,3,0.8724
educational task,3,0.8731
assess,3,0.8553333333333333
explore factor,3,0.8623
study struggle,3,0.8617
learning engagement,3,0.8809
framework pedagogical,3,0.8554333333333334
writing evaluation,3,0.8876666666666667
copyright genai,3,0.8885333333333333
music generation,3,0.8746666666666667
collaborative writing,3,0.8793333333333333
tutoring power,3,0.8963
health communication,3,0.8663
knowledge generation,3,0.8864333333333333
platform ecosystem,3,0.8717333333333332
development process,3,0.8634666666666666
genai finance,3,0.8875000000000001
automated essay,3,0.9039999999999999
genai knowledge,3,0.8864333333333333
efl teacher,3,0.8825666666666666
genai genai,3,0.8949666666666666
learn role,3,0.8564999999999999
process optimization,3,0.8745333333333334
genai write,3,0.8794
learning approach,3,0.8552666666666666
education reshape,3,0.8661666666666666
creative thinking,3,0.8654333333333334
education enhance,3,0.8626
educator educational,3,0.8719333333333333
regulatory framework,3,0.8645
need educational,3,0.8611333333333334
process design,3,0.8605
chatbot,3,0.8727
enhance customer,3,0.8704666666666666
education international,3,0.8929
student access,3,0.8482666666666666
write selfefficacy,3,0.8933666666666666
inclusive design,3,0.8585666666666666
literacy academic,3,0.8822
university curriculum,3,0.8843333333333333
curriculum assessment,3,0.8811333333333334
knowledge transfer,3,0.8599333333333333
learn satisfaction,3,0.8828
essay use,3,0.8767666666666667
student programming,3,0.8464333333333333
potential education,3,0.8709000000000001
medical imaging,3,0.8637
course result,3,0.8639333333333333
student educational,3,0.8701333333333334
genai intelligent,3,0.8391333333333333
human creativity,3,0.8792666666666666
genai leadership,3,0.9055333333333334
tutoring schrijfblik,3,0.8864
education case,3,0.8659
studentcentre,3,0.89
framework studentcentre,3,0.8946
opensource llm,3,0.8717
service innovation,3,0.8804666666666666
educator adoption,3,0.8710999999999999
education taxonomy,3,0.8943333333333333
design pedagogy,3,0.8725666666666667
education argue,3,0.8749333333333333
image generation,3,0.8765333333333333
genai approach,3,0.8721
implement genai,3,0.8553333333333333
research approach,3,0.8738333333333334
method course,3,0.8696666666666667
educational equity,3,0.8799333333333333
humanai cocreation,3,0.8714666666666666
science learning,3,0.8611999999999999
genai use,3,0.8873000000000001
genai virtual,3,0.8819
integrity faculty,3,0.8821
educational innovation,3,0.8835000000000001
assessment university,3,0.8927333333333333
chatgpt adoption,3,0.8541666666666666
compute course,3,0.8853
include urban,3,0.8664333333333333
learning promote,3,0.8792666666666666
ownership,3,0.8772333333333333
time student,3,0.8744333333333333
meaningful learning,3,0.8550333333333334
education understand,3,0.8759333333333333
seven student,3,0.8608666666666668
genai college,3,0.8709666666666666
learner behavioral,3,0.8645333333333333
education literature,3,0.8796333333333334
designer genai,3,0.8943666666666666
learner genai,3,0.8648333333333333
genaienhance learning,3,0.8594666666666667
genai customer,3,0.8852666666666668
role innovation,3,0.8731666666666666
education current,3,0.8776333333333334
answer genai,3,0.8972333333333333
individual learner,3,0.8821333333333333
understand learning,3,0.8811333333333332
facilitate learning,3,0.8716666666666667
student selfregulate,3,0.8625666666666666
datum extraction,3,0.8587333333333333
linguistic,3,0.8860666666666667
genai critical,3,0.8557666666666667
medical research,3,0.8925333333333333
genai intrusion,3,0.8755666666666667
design learning,3,0.8695333333333334
ai course,3,0.8802
genai job,3,0.8760666666666667
student aware,3,0.8746999999999999
usability,3,0.8829666666666668
scaffold learner,3,0.8781666666666667
personalization,3,0.8824333333333333
ai competency,3,0.8452666666666667
practice,3,0.871
pedagogy cblp,3,0.8816666666666667
software design,3,0.8825666666666666
education medical,3,0.8547666666666668
capability genai,3,0.8779333333333333
education policy,3,0.8735666666666667
education teacher,3,0.8701666666666666
ai research,3,0.8870333333333332
teaching model,3,0.8842666666666666
learner interaction,3,0.8779333333333333
technology pedagogy,3,0.8696999999999999
interface genai,3,0.8883666666666666
environment student,3,0.8819333333333333
explore genai,3,0.8661
develop academic,3,0.8779333333333333
insight design,3,0.8561666666666666
risk management,3,0.8834666666666667
student lead,3,0.8443999999999999
learner write,3,0.8909666666666668
inquirybase learn,3,0.8595
scaffold student,3,0.8519666666666668
explore teacher,3,0.8586999999999999
student role,3,0.8772000000000001
learn student,3,0.8739333333333333
teaching tool,3,0.8644666666666666
chatbot learn,3,0.8657
deployment,3,0.8737666666666666
product design,3,0.8896666666666667
interaction design,3,0.8836666666666666
genai tourism,3,0.8826333333333333
visualization genai,3,0.8855666666666666
creative ai,3,0.8945
genai trust,3,0.8795666666666667
action research,3,0.8743
engineering prompt,3,0.8830666666666667
enterprise genai,3,0.8885666666666667
ais role,3,0.8851999999999999
learner perception,3,0.8611333333333334
technology study,3,0.8616333333333334
explore faculty,3,0.8480333333333334
innovative,3,0.8800333333333333
finance,3,0.8753000000000001
learner engagement,3,0.8900666666666667
genai cyber,3,0.8818
organizational learning,3,0.8444333333333334
design game,3,0.8942
engineering education,3,0.8519666666666666
teaching business,3,0.8882666666666666
ai business,3,0.9105333333333334
personalise learn,3,0.8822
generation genai,3,0.8917
simulation teacher,3,0.8613666666666667
practice genai,3,0.8667333333333334
gender,3,0.8859666666666666
business education,3,0.8774000000000001
management genai,3,0.8632333333333334
pedagogical framework,3,0.8542
fashion industry,3,0.9098666666666667
student ai,3,0.8741
genaibased image,3,0.8683333333333333
nursing education,3,0.8662000000000001
detection,3,0.8484000000000002
usage chatgpt,3,0.868
education literacy,3,0.8863333333333333
fake,3,0.8498666666666667
student faculty,3,0.8657666666666666
academic,3,0.8769333333333332
education digital,2,0.87115
assessment literacy,2,0.88405
academic usage,2,0.8713
advance educational,2,0.8325
originality student,2,0.8645499999999999
chain risk,2,0.8633500000000001
program student,2,0.87285
sonic interaction,2,0.88795
construction genai,2,0.8429
work relationship,2,0.86565
material science,2,0.8704000000000001
bibliometric analysis,2,0.89515
cycle sdlc,2,0.86385
approach educational,2,0.8504
engage genai,2,0.87045
translation quality,2,0.89915
literacy scale,2,0.87015
education era,2,0.86825
educator design,2,0.85485
theory firm,2,0.8815500000000001
adoption education,2,0.86695
educator research,2,0.8819
educator learner,2,0.8781000000000001
modern industrial,2,0.8613500000000001
classify essay,2,0.87515
educational ecosystem,2,0.8420000000000001
course chatbot,2,0.89165
process knowledge,2,0.8916999999999999
programming instructor,2,0.8755
regard student,2,0.8533999999999999
assessment education,2,0.8734
competencybase education,2,0.891
context education,2,0.88105
ai curricula,2,0.87585
strategic,2,0.86415
software professional,2,0.8645
professional creative,2,0.89245
chatbot knowledge,2,0.86025
educational need,2,0.86625
technology legal,2,0.8721
collaborative education,2,0.8643000000000001
tutoring learn,2,0.8904
requirement,2,0.8699
subsurface model,2,0.8447
technology teaching,2,0.8666
setting teacher,2,0.8694500000000001
ai creation,2,0.8819
enhance smart,2,0.8396
medical image,2,0.8681
thematic analysis,2,0.89815
legal framework,2,0.8634
content academic,2,0.8928
pedagogical shift,2,0.87045
education context,2,0.8755999999999999
interact genai,2,0.86095
study academic,2,0.8465499999999999
network experimentation,2,0.8575999999999999
genaienable network,2,0.84625
generate creative,2,0.88205
reflection genai,2,0.8805499999999999
creativity creative,2,0.90425
healthcare study,2,0.84755
education write,2,0.8874500000000001
writing education,2,0.8784
digital entrepreneurial,2,0.89055
study develop,2,0.8531
creative product,2,0.8745499999999999
qualitative inquiry,2,0.90655
usercentered ai,2,0.8690500000000001
education enable,2,0.88295
academic communication,2,0.8815
student promote,2,0.86085
dynamic business,2,0.8601
educational program,2,0.8815500000000001
ai ethic,2,0.8827
learn programming,2,0.8666499999999999
student assessment,2,0.85825
lifelong,2,0.85805
education require,2,0.8712
science course,2,0.8686499999999999
steam education,2,0.8543000000000001
influence employee,2,0.8604
extraction business,2,0.89625
compute professional,2,0.8480000000000001
faculty development,2,0.8492500000000001
research map,2,0.8749
genai user,2,0.8633
drug,2,0.86185
genai translation,2,0.8634
subsurface modeling,2,0.8459
maintenance strategy,2,0.8812
code generate,2,0.88585
teacher plan,2,0.86975
approach multiagent,2,0.8647
technology contribute,2,0.8415999999999999
education deep,2,0.8844000000000001
science communication,2,0.8831
cybersecurity professional,2,0.8835500000000001
education perspective,2,0.85805
student know,2,0.86765
use university,2,0.8573999999999999
test suite,2,0.874
genai corporate,2,0.8745499999999999
genai sustainability,2,0.8947
adaptive testing,2,0.8822000000000001
collaborative genai,2,0.8755
develop genai,2,0.8712500000000001
testing genai,2,0.8835
mobile network,2,0.8674999999999999
ai accelerator,2,0.89665
question mcqs,2,0.88545
genai disclosure,2,0.88325
inquirybased learn,2,0.8754
travel plan,2,0.8692500000000001
agent requirement,2,0.88015
sociotechnical perspective,2,0.8928
model offer,2,0.85765
network architecture,2,0.86035
support research,2,0.8956
professional translator,2,0.90015
knowledgedriven,2,0.88415
accounting education,2,0.8942000000000001
tutoring llm,2,0.9085000000000001
rag retrieval,2,0.8868499999999999
environment education,2,0.83985
risk financial,2,0.8625499999999999
creative problem,2,0.8901
creativity education,2,0.9115
edge industrial,2,0.8766
improvement student,2,0.8479
integrity academic,2,0.8613
learning foster,2,0.86265
gender bias,2,0.8895
genai contribute,2,0.86775
organization seek,2,0.86065
collaboration software,2,0.8722
teamwork genai,2,0.87205
conversational interface,2,0.886
education harness,2,0.8724000000000001
platform genai,2,0.88205
education adaptive,2,0.8852500000000001
ai ecosystem,2,0.8503000000000001
constructivist learn,2,0.8747499999999999
tourism literature,2,0.8921
architectural,2,0.87495
educational method,2,0.8841
assess learning,2,0.8909499999999999
asynchronous learning,2,0.8671
education exploratory,2,0.86285
educational practitioner,2,0.8695999999999999
education constructivist,2,0.877
university community,2,0.8608
gender image,2,0.8673
genai gender,2,0.8807499999999999
literacy framework,2,0.8769499999999999
sustainable ethical,2,0.85795
augmentation wireless,2,0.87095
studentai interaction,2,0.86955
innovate genai,2,0.8834
education metaanalysis,2,0.8847
research explore,2,0.8592
integrate course,2,0.8448
genai deployment,2,0.86305
information practice,2,0.87675
learner technology,2,0.86595
framework knowledge,2,0.8794
teaching challenge,2,0.88225
use search,2,0.8746
tool classroom,2,0.88395
games genai,2,0.8715
traditional learning,2,0.8662000000000001
job,2,0.8533999999999999
education chatbot,2,0.8712500000000001
key adoption,2,0.84755
transformative,2,0.86545
innovative teaching,2,0.8815999999999999
student problemsolve,2,0.8484
way student,2,0.8709
video generation,2,0.89805
teaching second,2,0.8483
era artificial,2,0.8917
video generative,2,0.8996
agent classroom,2,0.8665
learner experience,2,0.8765499999999999
educational curriculum,2,0.8847499999999999
tool undergraduate,2,0.8558
domain education,2,0.88405
team dynamic,2,0.87975
education interdisciplinary,2,0.8664000000000001
educational change,2,0.863
enrich educational,2,0.8924
technology warehouse,2,0.841
academic misconduct,2,0.8633
governance ai,2,0.8767
software architecture,2,0.8886499999999999
design cultural,2,0.88
literacy study,2,0.86395
genai usability,2,0.89025
challenge technological,2,0.8692
discovery biomedicine,2,0.8794500000000001
architecture design,2,0.88285
ai creativity,2,0.9115500000000001
software project,2,0.8845000000000001
design sonic,2,0.9016
architectural blueprint,2,0.8815999999999999
genai developer,2,0.88005
teacher feedback,2,0.8908
concept student,2,0.8442000000000001
detection genai,2,0.8903
retriever,2,0.8593999999999999
new business,2,0.8626
genai interactive,2,0.88715
inquiry coi,2,0.8562
implication cybersecurity,2,0.89975
software developer,2,0.8644499999999999
extended reality,2,0.8567
education practical,2,0.85585
assess genais,2,0.8674999999999999
creative education,2,0.8926499999999999
profession education,2,0.8645
chatgpt learn,2,0.8606
design conceptual,2,0.8926000000000001
enhance design,2,0.8835500000000001
education integrate,2,0.85365
article student,2,0.8604499999999999
technology writing,2,0.85545
content creator,2,0.89385
chatbot framework,2,0.8751500000000001
course aim,2,0.86745
student capacity,2,0.85345
l2 education,2,0.88
education attitude,2,0.8784000000000001
strategy postgraduate,2,0.88215
report healthcare,2,0.8896999999999999
systematic literature,2,0.913
chatbot improve,2,0.8511
research practice,2,0.8987499999999999
reading assessment,2,0.87985
learning genai,2,0.88105
decision make,2,0.8782000000000001
translation genai,2,0.90125
guide student,2,0.876
learn technology,2,0.87225
academic text,2,0.88195
acceptance research,2,0.87675
cybernetic education,2,0.88255
education transformative,2,0.8709
ensure genai,2,0.8659
teacher attitude,2,0.87295
enhance research,2,0.89185
art design,2,0.85565
adoption university,2,0.8706
learner university,2,0.8530500000000001
genai continuance,2,0.8592
intellectual property,2,0.8396999999999999
disinformation genai,2,0.90995
cocreation humanai,2,0.8855500000000001
research academic,2,0.89335
chatbot course,2,0.86505
education teaching,2,0.86545
test use,2,0.8686499999999999
genai government,2,0.8955500000000001
defense approach,2,0.8934
education business,2,0.873
design learner,2,0.8794
learning concern,2,0.8578
student read,2,0.85415
education time,2,0.875
web scrape,2,0.9009
scrape web,2,0.8969499999999999
web scraping,2,0.8917999999999999
write practice,2,0.87515
genai conceptual,2,0.8997999999999999
ai adoption,2,0.87755
competence genai,2,0.84855
ict education,2,0.91425
education analyse,2,0.8786499999999999
literacy genai,2,0.8721
multimodal writing,2,0.90005
music education,2,0.87365
course mixedmethod,2,0.87645
education read,2,0.8644499999999999
strategy practice,2,0.8538
student participation,2,0.86015
storytelling,2,0.89735
curriculum enhance,2,0.86035
narrative game,2,0.9289499999999999
legal practitioner,2,0.8869
exploration iterative,2,0.8627
data model,2,0.85915
genai reflection,2,0.90825
meeting technology,2,0.885
meeting adaptive,2,0.88255
research student,2,0.8702000000000001
learning methodology,2,0.86305
tool course,2,0.8679
student complete,2,0.8698999999999999
curriculum genai,2,0.8685499999999999
distance learning,2,0.8852
legal,2,0.8734
design prompt,2,0.8743000000000001
web development,2,0.88295
programming experience,2,0.87095
writing course,2,0.8846499999999999
overall writing,2,0.87205
pedagogy research,2,0.8801
trust,2,0.87985
innovative educational,2,0.87375
trust theory,2,0.8873
assessment teaching,2,0.8665
thinking skill,2,0.8409500000000001
course compute,2,0.8927
computing course,2,0.8887
question answer,2,0.8767
enrich teaching,2,0.8813500000000001
explore university,2,0.8795999999999999
genai fashion,2,0.89645
support collaborative,2,0.8715999999999999
personalization genai,2,0.8803000000000001
big tech,2,0.8871
cloud solution,2,0.88205
student chatbot,2,0.9015500000000001
efficiency business,2,0.8713500000000001
government chatgpt,2,0.9166000000000001
african university,2,0.8538
genai faculty,2,0.86705
history education,2,0.88955
customer relationship,2,0.87915
biomedical knowledge,2,0.87835
management scm,2,0.8455
chatgpt google,2,0.8693
learn,2,0.8604
learn process,2,0.8642000000000001
learn focus,2,0.89125
failure prediction,2,0.8828499999999999
interaction student,2,0.86665
additive manufacturing,2,0.8652500000000001
learner interact,2,0.8867
innovative learning,2,0.84785
generation clinical,2,0.87
content design,2,0.8634
creative task,2,0.8848
drug development,2,0.8666
learning creative,2,0.87695
course teach,2,0.8580000000000001
knowledge generate,2,0.88015
accuracy video,2,0.87065
user study,2,0.86915
cs1 course,2,0.88415
impact genai,2,0.8765000000000001
preserve student,2,0.8486
drug candidate,2,0.8674999999999999
process model,2,0.85605
enable learner,2,0.8627499999999999
learner intention,2,0.8792
genai professional,2,0.8666
szegedai genai,2,0.8998999999999999
essay english,2,0.85425
association student,2,0.85015
educational science,2,0.87155
multilingual,2,0.8768
learning constructivist,2,0.90915
classify text,2,0.8823000000000001
multilingual context,2,0.8794
ethic student,2,0.8548
student compute,2,0.8873
effectiveness chatgpt,2,0.88565
course place,2,0.8658
essay academic,2,0.8908
elt pedagogical,2,0.8944000000000001
pedagogical implication,2,0.87775
educational perspective,2,0.8639
empower educator,2,0.84985
associate genai,2,0.86365
application healthcare,2,0.87215
genre,2,0.87615
aigenerate essay,2,0.86995
nlp genai,2,0.8828
write task,2,0.85645
education book,2,0.85945
intelligence challenge,2,0.87755
genai empower,2,0.8701
inspire,2,0.8706499999999999
accessibility blind,2,0.89125
learner develop,2,0.87235
learner diverse,2,0.86615
genai video,2,0.887
prompt excel,2,0.8759
thinking design,2,0.85655
design opportunity,2,0.8752500000000001
education creative,2,0.9053
creative learning,2,0.9218999999999999
field cybersecurity,2,0.87435
teach software,2,0.84815
approach education,2,0.8559
novel creative,2,0.8856999999999999
teacher motivation,2,0.8752500000000001
teachingrelate work,2,0.8567
genai privacy,2,0.8846499999999999
design tool,2,0.8794500000000001
jm creation,2,0.89555
user agency,2,0.84705
student disability,2,0.85885
benchmarking genai,2,0.87045
enterprise ai,2,0.8825000000000001
healthcare setting,2,0.8892500000000001
learning english,2,0.88115
student view,2,0.87235
innovation process,2,0.86965
creative community,2,0.90545
collaboration ai,2,0.8876
computing medical,2,0.84995
medical xr,2,0.8511
student creative,2,0.866
genai edge,2,0.876
fashion designer,2,0.9088499999999999
analytic genai,2,0.90295
student systematic,2,0.8857999999999999
twin dts,2,0.8629500000000001
recommender,2,0.8754500000000001
intelligence business,2,0.8848
chatbot human,2,0.88215
interview genai,2,0.8626
enhanced academic,2,0.86385
student enhance,2,0.88165
text domain,2,0.8886000000000001
definition genai,2,0.9
challenge generative,2,0.8843
writing chatgpt,2,0.88315
psychology genai,2,0.8718
psychological practice,2,0.8808499999999999
production process,2,0.8541
enhance formative,2,0.88845
sustainable practice,2,0.8645499999999999
ai industry,2,0.8662000000000001
genai valuable,2,0.88105
framework responsible,2,0.8678
genai researcher,2,0.90355
testing explore,2,0.86085
research creativity,2,0.8842
ideation genai,2,0.90005
agentic architecture,2,0.87285
narrative,2,0.8761000000000001
role teaching,2,0.8649
cnlpnitspp genai,2,0.8906000000000001
genai communication,2,0.8727
university study,2,0.86565
difference student,2,0.8539
chatgpt experiential,2,0.86
technology learning,2,0.8517
multicloud,2,0.8741
vae manufacturing,2,0.83745
experience design,2,0.8679
integrity student,2,0.87435
intelligence chatgpt,2,0.867
software requirement,2,0.8865000000000001
education generativeai,2,0.86585
result student,2,0.8674
impact research,2,0.8819
game designer,2,0.88565
education end,2,0.8855999999999999
education datum,2,0.8646
lack student,2,0.8732
work study,2,0.8605499999999999
need creative,2,0.89115
genai navigate,2,0.8619
agency genai,2,0.87385
projectbase learning,2,0.86795
student multimodal,2,0.8583
industry chapter,2,0.87435
design sustainable,2,0.8818
innovation intellectual,2,0.8745
postdigital pedagogy,2,0.89385
chatgpt write,2,0.8573500000000001
education create,2,0.8577
ai classroom,2,0.86635
smart,2,0.85195
course chatgpt,2,0.8781
role education,2,0.86095
role teacher,2,0.86775
text classification,2,0.8847
multiagent drl,2,0.858
federate multiagent,2,0.8587
application knowledge,2,0.855
teach student,2,0.8753
practice academic,2,0.86375
teachable,2,0.8832500000000001
technology student,2,0.88035
learner engage,2,0.8576999999999999
generate code,2,0.8813500000000001
retrieval augmented,2,0.88025
sustainable educational,2,0.8863
share,2,0.8886499999999999
teacherstudent,2,0.85415
search recommendation,2,0.898
autonomous driving,2,0.85615
question base,2,0.8883
assistive,2,0.8674
generation,2,0.8569
genaienable innovation,2,0.9057
storyteller,2,0.8781000000000001
llm genai,2,0.8925000000000001
discovery development,2,0.8921
icadl,2,0.8935
research concept,2,0.8859
humanai relationship,2,0.86605
academic competence,2,0.8785499999999999
concern genai,2,0.8864
outcome learner,2,0.88165
logicdriven language,2,0.88565
learner writing,2,0.89285
dialogue,2,0.87615
model chatgpt,2,0.8767
effective student,2,0.85745
personalized educational,2,0.88435
pedagogically sound,2,0.8654
studentcentere learning,2,0.8553999999999999
science game,2,0.8707
learning game,2,0.86895
service development,2,0.8732500000000001
digital therapy,2,0.82765
software test,2,0.8986000000000001
student report,2,0.8601000000000001
student writer,2,0.8717999999999999
management consult,2,0.8803000000000001
genai advanced,2,0.8351999999999999
educator concern,2,0.8593
academic nurse,2,0.8671
vehicular threat,2,0.8874
narrative learn,2,0.86545
cybersecurity vehicular,2,0.9082
future network,2,0.8747
vae generative,2,0.8867
use attitude,2,0.8676
literacy student,2,0.87495
learner teacher,2,0.8597
facial,2,0.8798999999999999
engineering assessment,2,0.8586
education interview,2,0.8805499999999999
individualized learning,2,0.87165
education witness,2,0.8807
nursing,2,0.8632500000000001
sentiment analysis,2,0.8884000000000001
interpretation drill,2,0.8775
setting course,2,0.87285
assembly process,2,0.8684
industry manual,2,0.8548
assembly application,2,0.8497
genai manufacture,2,0.8441
learner attitude,2,0.9081
definition manufacturing,2,0.9087
case manufacturing,2,0.9083
manufacturing intersection,2,0.9025
consortium context,2,0.8823
sustainability manufacturing,2,0.8707
cognitive manufacturing,2,0.8492
manufacturing cognitive,2,0.8485
industry bring,2,0.8383
physical manufacturing,2,0.8214
tool city,2,0.87125
humancentere design,2,0.88895
image augmentation,2,0.8488
employee performance,2,0.86625
genaienhance,2,0.8526
iot network,2,0.8526499999999999
healthcare delivery,2,0.8932500000000001
insight genai,2,0.87785
enhance entrepreneurial,2,0.8897999999999999
adaptive cruise,2,0.8746
context manufacturing,2,0.8979
problemdriven genai,2,0.8796
problemdriven,2,0.8651
biaxposer framework,2,0.8641
academic ecosystem,2,0.8608
siot service,2,0.8626
challenge research,2,0.86755
multidnn application,2,0.8625
chatgpt use,2,0.8645499999999999
requirement elicitation,2,0.9018999999999999
chatgpt world,2,0.86175
document,2,0.8889
creation educational,2,0.8819
humancentere innovation,2,0.9023
hci research,2,0.8996500000000001
ai innovation,2,0.88855
agile methodology,2,0.90825
student cognitive,2,0.85895
technology transform,2,0.85825
assess chatgpt,2,0.88775
educational purpose,2,0.8613999999999999
app behavior,2,0.89175
lowresource language,2,0.88185
engagement teacher,2,0.8595999999999999
chatbot selfdetermination,2,0.87375
learning opportunity,2,0.84785
future educational,2,0.8773500000000001
use narrative,2,0.8889
app privacy,2,0.8745
generative architecture,2,0.8516
generate image,2,0.85465
extract political,2,0.88505
expand creative,2,0.87115
teach programming,2,0.8678
literacy survey,2,0.87485
teach compute,2,0.8801
genais adoption,2,0.87375
gamification genai,2,0.8586499999999999
natural language,2,0.8723
education advent,2,0.88015
student writing,2,0.86925
student adopt,2,0.8609
genai emergence,2,0.87385
technology creative,2,0.9054
simulationbase clinical,2,0.8761
undergraduate psychology,2,0.862
literacy teach,2,0.87725
conceptual design,2,0.892
semantic,2,0.8751
search knowledge,2,0.8919
teacher embrace,2,0.8626499999999999
postdigital teacher,2,0.88045
lecturer student,2,0.8391
university lecturer,2,0.8705
literacy chatgpt,2,0.874
education develop,2,0.8471
theory health,2,0.8831
design product,2,0.89595
design professional,2,0.8995
writing assignment,2,0.8621000000000001
llm productivity,2,0.8661
knowledge work,2,0.8758999999999999
concern student,2,0.8662
help student,2,0.8731500000000001
information study,2,0.8936
code comprehension,2,0.87615
vehicle genai,2,0.87995
llm educational,2,0.87495
immersive educational,2,0.85945
genai scientific,2,0.92035
influence customer,2,0.86225
method educational,2,0.87355
healthcare ai,2,0.8742000000000001
research marketing,2,0.8924000000000001
leadership,2,0.8674999999999999
student critically,2,0.8643000000000001
chain resilience,2,0.87605
educational domain,2,0.8891
edge cloud,2,0.8673500000000001
learner programming,2,0.8848
agricultural,2,0.83765
agent educational,2,0.8658
genai decisionmake,2,0.8757999999999999
learn prompt,2,0.87575
genai deliver,2,0.89795
management recruitment,2,0.8504499999999999
generation science,2,0.84145
literacy artificial,2,0.8689
writing classroom,2,0.8748
designer creative,2,0.88175
interaction genai,2,0.8555999999999999
business analytic,2,0.9023000000000001
develop educational,2,0.89115
education role,2,0.8778
tool chatgpt,2,0.8475999999999999
education psychology,2,0.8691500000000001
genai opportunity,2,0.88455
genai future,2,0.88905
llm network,2,0.84875
establish educational,2,0.87845
user intention,2,0.8646499999999999
embed research,2,0.9049499999999999
developer use,2,0.8696999999999999
model genai,2,0.8844
engineering practice,2,0.8627499999999999
genai era,2,0.8686
student helpseeke,2,0.8732
assessment work,2,0.8562000000000001
programming practice,2,0.8861
learning enhance,2,0.8663000000000001
practical learning,2,0.86835
genai enable,2,0.87635
student active,2,0.8636
marketing curriculum,2,0.8686499999999999
development test,2,0.873
chatbot ai,2,0.86965
student project,2,0.8635
education year,2,0.8996
education make,2,0.86105
language pedagogy,2,0.88945
improve healthcare,2,0.8896
integration student,2,0.8722
enhance brand,2,0.89525
brand anthropomorphism,2,0.9196
diffusion genai,2,0.8805499999999999
education proactive,2,0.85595
student acceptance,2,0.85505
capture semantic,2,0.85015
employeegenai collaboration,2,0.88505
ai student,2,0.882
challenge opportunity,2,0.86915
lesson preservice,2,0.8362
network sdn,2,0.85745
research practical,2,0.8745499999999999
educational creative,2,0.8976999999999999
tool postgraduate,2,0.84945
work outcome,2,0.8466
research landscape,2,0.8967
llm chatgpt,2,0.8775
inclusive technology,2,0.8682
chatgpt knowledge,2,0.86515
educational prepare,2,0.85495
course academic,2,0.8765499999999999
application development,2,0.86395
autoencoder vaes,2,0.8728
new product,2,0.8734999999999999
employee genai,2,0.8442000000000001
adoption chatgpt,2,0.8745
chunking,2,0.89245
gameplay,2,0.88885
genai workforce,2,0.89195
language classroom,2,0.883
metadata generation,2,0.8708
threat intelligence,2,0.8615
medical school,2,0.8694
current student,2,0.86205
user experience,2,0.8721000000000001
web,2,0.90765
drill engineer,2,0.8544
drill,2,0.8613500000000001
equity genai,2,0.8752
challenge medical,2,0.86235
education learning,2,0.87365
journalism education,2,0.8774500000000001
creator genai,2,0.86685
education particularly,2,0.8791
framework mitigate,2,0.84805
studentcentere learn,2,0.8649
write course,2,0.85295
literacy teaching,2,0.901
model educator,2,0.8665
learning include,2,0.8645499999999999
clinical,2,0.8609
aipowere,2,0.88255
academic staff,2,0.8555
aiassiste design,2,0.8609
student openende,2,0.86065
ai tool,2,0.8794
deepfake,2,0.8586
edgecloud collaborative,2,0.88835
university educator,2,0.874
management research,2,0.8483
education curriculum,2,0.8752500000000001
genai high,2,0.8731
preservice language,2,0.86435
outcome genai,2,0.87485
research llm,2,0.89515
simulation training,2,0.90125
company use,2,0.8767499999999999
genai transform,2,0.8593999999999999
research artificial,2,0.87005
genai crisis,2,0.8833
crisisrelated,2,0.8821
potential genai,2,0.86605
speechbase game,2,0.90255
science teaching,2,0.8737
learning study,2,0.8669
disability genai,2,0.8378
academia,2,0.88085
education impact,2,0.8821
classroom orchestration,2,0.8896999999999999
genai academia,2,0.8893500000000001
literature genai,2,0.86785
use deep,2,0.85665
student finding,2,0.857
sociolinguistic,2,0.9035500000000001
synthetic text,2,0.8609
writing ai,2,0.89375
educational examine,2,0.8659
scholarly communication,2,0.8983
content development,2,0.86915
understand university,2,0.87355
educator develop,2,0.8563000000000001
collaborative write,2,0.8819
tool writing,2,0.8752
student behavioural,2,0.85825
query,2,0.8747499999999999
research methodology,2,0.88495
selfregulated reading,2,0.88175
defense operation,2,0.88975
research understand,2,0.8652500000000001
employee experience,2,0.89855
opportunity teacher,2,0.8611
university regard,2,0.8725499999999999
education conversation,2,0.86265
write assessment,2,0.8873500000000001
educational discourse,2,0.87965
technology chatgpt,2,0.88195
team composition,2,0.88505
write school,2,0.8928
tourism field,2,0.89575
analytic knowledge,2,0.8612500000000001
english learner,2,0.86385
tutoring itss,2,0.9028
numerous,2,0.85695
motivation student,2,0.87505
writing,2,0.8688
genai market,2,0.8834
advent genai,2,0.86805
education collaborative,2,0.85405
reason adoption,2,0.88135
elearne,2,0.8631
inclusive educational,2,0.87165
school leadership,2,0.8883
literacy course,2,0.8832
project manager,2,0.8427
autonomous agent,2,0.8656
usercentered,2,0.87175
simulationbase education,2,0.8939
learning chatgpt,2,0.8811500000000001
data science,2,0.87245
factory integrate,2,0.8561
factory clf,2,0.8562
network security,2,0.8585499999999999
factory guide,2,0.8564
lesson plan,2,0.8689
fairness genai,2,0.8745
factory new,2,0.8594
inquirydriven learn,2,0.8708
transform business,2,0.87375
genai demonstrate,2,0.85665
educator preparation,2,0.8826499999999999
information research,2,0.87575
teacher chatgpt,2,0.8564499999999999
work academic,2,0.8636
academic work,2,0.8772
design creativity,2,0.8794
creativity design,2,0.9156
research context,2,0.8851
community storytelle,2,0.8896
drive innovation,2,0.8599
design challenge,2,0.8989
factory learn,2,0.874
learning engineering,2,0.8674
agency,2,0.87895
contextdependent,2,0.8707
concern academic,2,0.8545
listening,2,0.8584499999999999
solution instructor,2,0.8593500000000001
learning inquirybase,2,0.8767499999999999
genai simulation,2,0.8669
text generator,2,0.88655
augmented reality,2,0.90035
genai engineering,2,0.89085
effective teaching,2,0.8380000000000001
software company,2,0.8767
bot crisis,2,0.8999
cultural,2,0.89745
testing approach,2,0.90185
genai introduce,2,0.87995
radiology workflow,2,0.86755
teaching age,2,0.85955
agile project,2,0.87635
student reflect,2,0.8886000000000001
publishing genai,2,0.9010499999999999
forecasting genai,2,0.8853500000000001
training medical,2,0.8433999999999999
genai agile,2,0.87925
education come,2,0.88085
academic curriculum,2,0.8604499999999999
critical literacy,2,0.88225
use knowledge,2,0.8458
literacy university,2,0.8791500000000001
literacy cdl,2,0.84865
pedagogical challenge,2,0.86855
literacy development,2,0.8616999999999999
fault tree,2,0.8976999999999999
selfefficacy student,2,0.8781
thinking university,2,0.85965
pedagogy foster,2,0.88745
technologyenhance learning,2,0.83995
model supply,2,0.8405
network agentic,2,0.8921
learning guide,2,0.8624499999999999
selfregulated learn,2,0.8576
academic field,2,0.88885
demand forecasting,2,0.8479
learner make,2,0.85345
people use,2,0.8473999999999999
quality genai,2,0.91865
genai sentiment,2,0.90225
programming university,2,0.8792
quality,2,0.90085
usercentered quality,2,0.8909499999999999
agent agentic,2,0.8691500000000001
evolutionary,2,0.8503499999999999
education university,2,0.8741
teach methodology,2,0.85885
education innovative,2,0.86155
explainability genai,2,0.91385
educational journey,2,0.8783
design learn,2,0.8513
autoencoder genai,2,0.8953
active learning,2,0.87695
chatbot health,2,0.8866
undergraduate nursing,2,0.8490500000000001
autoencoder,2,0.86315
education tasktechnology,2,0.86685
development game,2,0.9165
industry study,2,0.8667
education include,2,0.8573999999999999
generative diffusion,2,0.8473999999999999
component student,2,0.8644000000000001
deep deterministic,2,0.83005
graduate educational,2,0.86115
build chatbot,2,0.88115
pedagogy policy,2,0.8803
ai health,2,0.86725
educational set,2,0.88495
assessment creativity,2,0.85915
enhance predictive,2,0.85895
player interact,2,0.88795
manufacturing potential,2,0.8729
coursework,2,0.8472500000000001
genai urban,2,0.87925
climate future,2,0.8819999999999999
game developer,2,0.9048
agent genai,2,0.86225
teacher development,2,0.87565
interested genai,2,0.88095
education professional,2,0.87025
technology selfefficacy,2,0.8739
curriculum technology,2,0.8896
scenario autonomous,2,0.8475999999999999
pedagogy postgraduate,2,0.8841
smart learning,2,0.8927
technology faculty,2,0.8644000000000001
teacher competency,2,0.86465
teacher professional,2,0.8653500000000001
gamification,2,0.84855
teaching academic,2,0.8745
analysis urban,2,0.8647
university develop,2,0.8688
process redesign,2,0.881
challenge teaching,2,0.8704000000000001
nlp sustainable,2,0.86755
process analytic,2,0.8854
development student,2,0.86595
genai rapidly,2,0.8796999999999999
pblprocess mapping,2,0.8956
landscape education,2,0.88455
educational impact,2,0.88215
education face,2,0.86755
education open,2,0.8615999999999999
education programming,2,0.86355
bpm interdisciplinary,2,0.8806
creativity divergent,2,0.88775
innovative pedagogical,2,0.84105
reflection student,2,0.8745
digital teaching,2,0.8375
student interact,2,0.85635
service,2,0.8551
argumentative writing,2,0.8772500000000001
human innovation,2,0.8867499999999999
pedagogy content,2,0.8817
argumentative write,2,0.8759
multiagent framework,2,0.8911
finance artificial,2,0.9037999999999999
propose generative,2,0.8357
course improve,2,0.8881
pedagogy assessment,2,0.8682
app usability,2,0.8815999999999999
enhance employee,2,0.86555
governance framework,2,0.8949499999999999
approach teaching,2,0.871
humangenai collaboration,2,0.8814500000000001
feedback peer,2,0.8959
education career,2,0.84575
multiagent reinforcement,2,0.85345
education transform,2,0.86765
humancentre education,2,0.89455
curriculum reform,2,0.8803
synthetic data,2,0.8421000000000001
trust student,2,0.86805
collaboration genai,2,0.87415
scientific creative,2,0.89465
student group,2,0.86425
academic selfefficacy,2,0.87755
language educator,2,0.8747
patient simulation,2,0.8583000000000001
training process,2,0.85225
learner autonomy,2,0.8712
creativity critical,2,0.8613500000000001
practice creativity,2,0.8835
apply research,2,0.8664000000000001
selfefficacy creativity,2,0.864
health economic,2,0.87715
unique educational,2,0.8795
teacher aware,2,0.8725499999999999
write education,2,0.88645
visualization,2,0.90055
ethic education,2,0.85625
research phase,2,0.8961
literacy teacher,2,0.8742
accounting,2,0.8702
student reflection,2,0.8833
patient communication,2,0.84945
agent tool,2,0.8626
practice teacher,2,0.8716999999999999
usage student,2,0.8619
facilitator genai,2,0.8553999999999999
engagement student,2,0.85785
gamma ray,2,0.8605
literacy digital,2,0.85545
genai institutional,2,0.8905
future cybersecurity,2,0.87195
need teacher,2,0.86775
teacher work,2,0.8479
creative collaboration,2,0.88305
future business,2,0.87775
teacher student,2,0.8524
learn chatbot,2,0.8682000000000001
competition,2,0.89855
genai robot,2,0.88165
result genai,2,0.8892
streamline thematic,2,0.87445
research lifecycle,2,0.895
clinical integration,2,0.84735
research checklist,2,0.8888
learning chatbot,2,0.86615
ai nursing,2,0.845
education identify,2,0.87705
software practitioner,2,0.8802
research educational,2,0.8747
evaluate essay,2,0.9131
code review,2,0.8894
research ethic,2,0.8706
feedback writing,2,0.87485
tutoring genai,2,0.8855500000000001
learning inform,2,0.8868499999999999
genai teachable,2,0.85635
content student,2,0.8829499999999999
genai police,2,0.8647499999999999
research write,2,0.8881
genai metacognitive,2,0.8676999999999999
study curriculum,2,0.85465
curriculum adaptation,2,0.8647
writing selfefficacy,2,0.90455
clinical exercise,2,0.89315
collaboration music,2,0.90375
studentcentered,2,0.8884
employee interaction,2,0.8633
diffusion innovation,2,0.8819999999999999
paper explore,2,0.8408500000000001
chatbot mooc,2,0.8612
teaching educational,2,0.8771
learn management,2,0.8631
application business,2,0.8659
literacy research,2,0.89595
development teacher,2,0.8642
extensive video,2,0.902
video analysis,2,0.9009
discovery genai,2,0.8666
multiagent graph,2,0.87035
creative problemsolve,2,0.9059999999999999
application student,2,0.8645499999999999
learner academic,2,0.88185
healthcare solution,2,0.88345
augment cybersecurity,2,0.88825
internet thing,2,0.85585
innovation doi,2,0.89865
electronic health,2,0.85985
education new,2,0.84635
genai reflective,2,0.86345
learning material,2,0.889
genai teachinglearning,2,0.8882
creativity student,2,0.8888
ideation process,2,0.8643000000000001
genai ideation,2,0.8884
ai library,2,0.85095
genai agency,2,0.8712
selfefficacy academic,2,0.88605
network performance,2,0.87775
education technostress,2,0.8788
translation course,2,0.887
genai software,2,0.8899
approach academic,2,0.84385
include generative,2,0.85635
educator qualitative,2,0.86775
writing engagement,2,0.8924
intelligent design,2,0.8704000000000001
oral proficiency,2,0.8611
healthcare professional,2,0.87125
assessment format,2,0.8814500000000001
learner selfefficacy,2,0.8964000000000001
art education,2,0.85465
learning programming,2,0.8825000000000001
dental,2,0.8400000000000001
data augmentation,2,0.8593999999999999
scoring essay,2,0.9245
development lifecycle,2,0.8785499999999999
literacy english,2,0.8682
study university,2,0.8601
clinical educational,2,0.85145